EM,F1,Precision,Recall,COUNT,Bins
0.5391666666666667,0.773392666634882,0.835406724479726,0.7835569956886093,2400,"(1.0, 6.0]"
0.5017226528854436,0.7541834875878473,0.8235202875476296,0.7644933709809261,2322,"(6.0, 7.0]"
0.5910714285714286,0.813477771658382,0.8831259968932129,0.8289378923943255,560,"(7.0, 8.0]"
0.5458015267175572,0.7697520164555207,0.8279047098799981,0.8088407575059047,1048,"(8.0, 14.0]"
