EM,F1,Precision,Recall,COUNT,Bins
0.6780150028851702,0.8283303235253753,0.8106874255944734,0.9206578188113098,1733,"(0.0, 4.0]"
0.6923494302767227,0.8782151012900162,0.9069042174710543,0.8916363072630028,1843,"(4.0, 7.0]"
0.358843537414966,0.6664345591370762,0.744841067628523,0.6532161078717201,1176,"(7.0, 10.0]"
0.30988593155893535,0.6538847906112808,0.8410051101177801,0.6087407310104727,1578,"(10.0, 56.0]"
